"Symbol","Description","Category2","Category3","GICS Sector","Market cap","Dividend yield","Price to TTM earnings","Price to TTM sales","Price to book value","Action"
"AAPL","Apple Inc","Common stocks","Large cap","Information Technology","$2,386,854,024,720","0.61%","23.42","6.18","35.41","Analyze"
"MSFT","Microsoft Corp","Common stocks","Large cap","Information Technology","$1,798,689,824,916","1.02%","24.89","9.34","11.07","Analyze"
"GOOG","Alphabet Inc Class C","Common stocks","Large cap","Communication Services","$1,188,792,040,000","0.00%","8.06","4.40","2.37","Analyze"
"GOOGL","Alphabet Inc Class A","Common stocks","Large cap","Communication Services","$1,188,792,040,000","0.00%","7.89","4.40","2.31","Analyze"
"AMZN","Amazon.Com Inc.","Common stocks","Large cap","Consumer Discretionary","$1,009,351,664,173","0.00%","47.14","2.11","7.53","Analyze"
"BRK.B","Berkshire Hathaway Inc. Class B","Common stocks","Large cap","Financials","$683,041,664,324","0.00%","4.81","1.92","0.78","Analyze"
"TSLA","Tesla Inc","Common stocks","Large cap","Consumer Discretionary","$609,209,246,149","0.00%","69.74","9.80","17.18","Analyze"
"XOM","Exxon Mobil Corp","Common stocks","Large cap","Energy","$470,020,828,139","3.07%","18.03","1.53","2.75","Analyze"
"UNH","Unitedhealth Group Inc","Common stocks","Large cap","Health Care","$469,986,927,210","1.23%","27.39","1.59","6.57","Analyze"
"JNJ","Johnson & Johnson","Common stocks","Large cap","Health Care","$450,710,829,011","2.52%","22.87","4.75","6.07","Analyze"
"NVDA","Nvidia Corp","Common stocks","Large cap","Information Technology","$414,983,400,000","0.10%","42.55","15.42","15.59","Analyze"
"WMT","Walmart Stores Inc","Common stocks","Large cap","Consumer Staples","$400,187,241,431","1.50%","31.01","0.69","5.24","Analyze"
"V","Visa Inc Class A","Common stocks","Large cap","Information Technology","$396,968,156,184","0.75%","28.99","14.74","11.04","Analyze"
"JPM","JP Morgan Chase & Co","Common stocks","Large cap","Financials","$389,940,257,811","2.98%","9.64","3.25","1.37","Analyze"
"CVX","Chevron Corp","Common stocks","Large cap","Energy","$363,620,728,575","2.94%","17.44","2.06","2.45","Analyze"
"PG","Procter & Gamble","Common stocks","Large cap","Consumer Staples","$335,138,820,259","2.54%","23.17","4.21","7.43","Analyze"
"LLY","Eli Lilly","Common stocks","Large cap","Health Care","$332,514,756,105","1.12%","54.71","11.34","35.94","Analyze"
"MA","Mastercard Inc Class A","Common stocks","Large cap","Information Technology","$327,640,882,614","0.57%","34.45","16.47","46.48","Analyze"
"HD","Home Depot Inc","Common stocks","Large cap","Consumer Discretionary","$319,330,989,365","2.33%","19.52","2.09","-188.64","Analyze"
"META","Meta Platforms, Inc.","Common stocks","Large cap","Communication Services","$314,945,200,000","0.00%","0.00","0.00","0.00","Analyze"
"BAC","Bank of America Corp","Common stocks","Large cap","Financials","$302,445,695,410","2.23%","10.13","3.38","1.12","Analyze"
"PFE","Pfizer Inc","Common stocks","Large cap","Health Care","$272,638,687,062","3.25%","10.80","2.95","3.27","Analyze"
"ABBV","Abbvie Inc","Common stocks","Large cap","Health Care","$270,648,256,944","3.63%","21.52","4.77","16.49","Analyze"
"KO","Coca-Cola","Common stocks","Large cap","Consumer Staples","$262,195,239,196","2.84%","25.39","6.53","10.53","Analyze"
"MRK","Merck & Co Inc","Common stocks","Large cap","Health Care","$252,525,439,010","2.74%","17.87","4.68","6.20","Analyze"
"PEP","Pepsico Inc","Common stocks","Large cap","Consumer Staples","$244,116,294,743","2.49%","24.02","3.02","13.41","Analyze"
"COST","Costco Wholesale Corp","Common stocks","Large cap","Consumer Staples","$233,017,804,218","0.66%","42.27","1.11","12.00","Analyze"
"TMO","Thermo Fisher Scientific Inc","Common stocks","Large cap","Health Care","$214,174,071,722","0.21%","27.65","5.21","5.13","Analyze"
"ORCL","Oracle Corp","Common stocks","Large cap","Information Technology","$213,482,448,822","1.61%","28.49","5.10","-24.77","Analyze"
"AVGO","Broadcom Inc.","Common stocks","Large cap","Information Technology","$212,390,863,556","3.10%","28.20","7.45","9.24","Analyze"
"DHR","Danaher Corp","Common stocks","Large cap","Health Care","$196,790,157,232","0.35%","30.79","6.50","4.18","Analyze"
"MCD","Mcdonalds Corp","Common stocks","Large cap","Consumer Discretionary","$196,172,415,233","2.04%","28.06","8.26","-33.32","Analyze"
"ACN","Accenture Plc Class A","Common stocks","Large cap","Information Technology","$194,548,792,945","1.37%","30.32","3.43","9.43","Analyze"
"CSCO","Cisco Systems Inc","Common stocks","Large cap","Information Technology","$184,487,103,098","3.33%","15.37","3.58","4.57","Analyze"
"TMUS","T Mobile US Inc","Common stocks","Large cap","Communication Services","$180,402,349,430","0.00%","64.28","2.24","2.58","Analyze"
"ABT","Abbott Laboratories","Common stocks","Large cap","Health Care","$179,832,199,360","1.81%","23.39","4.04","5.10","Analyze"
"WFC","Wells Fargo","Common stocks","Large cap","Financials","$177,988,029,846","2.33%","9.13","2.30","0.98","Analyze"
"DIS","Walt Disney","Common stocks","Large cap","Communication Services","$174,120,248,281","0.00%","64.61","2.27","1.89","Analyze"
"COP","ConocoPhillips","Common stocks","Large cap","Energy","$167,085,669,240","3.29%","12.53","3.11","3.27","Analyze"
"NKE","Nike Inc Class B","Common stocks","Large cap","Consumer Discretionary","$166,467,600,000","1.14%","26.84","3.56","11.09","Analyze"
"NEE","Nextera Energy Inc","Common stocks","Large cap","Utilities","$164,755,738,387","1.99%","115.08","10.15","4.67","Analyze"
"LIN","Linde Plc","Common stocks","Large cap","Materials","$164,410,857,162","1.37%","41.04","5.18","3.84","Analyze"
"BMY","Bristol Myers Squibb","Common stocks","Large cap","Health Care","$162,183,511,269","2.80%","25.90","3.45","5.13","Analyze"
"CRM","Salesforce.Com Inc","Common stocks","Large cap","Information Technology","$162,070,000,000","0.00%","107.42","6.12","2.67","Analyze"
"TXN","Texas Instrument Inc","Common stocks","Large cap","Information Technology","$161,157,508,900","2.61%","19.18","8.50","11.23","Analyze"
"ADBE","Adobe Inc","Common stocks","Large cap","Information Technology","$160,836,804,000","0.00%","33.32","9.96","11.68","Analyze"
"VZ","Verizon Communications Inc","Common stocks","Large cap","Communication Services","$158,333,117,752","6.68%","7.43","1.18","1.90","Analyze"
"UPS","United Parcel Service Inc Class B","Common stocks","Large cap","Industrials","$156,956,698,132","3.82%","14.23","1.59","9.93","Analyze"
"MS","Morgan Stanley","Common stocks","Large cap","Financials","$152,954,902,420","3.22%","10.75","2.75","1.48","Analyze"
"AMGN","Amgen Inc","Common stocks","Large cap","Health Care","$150,287,919,162","2.04%","26.44","5.71","165.20","Analyze"
"CMCSA","Comcast A Corp","Common stocks","Large cap","Communication Services","$147,882,696,855","3.07%","10.28","1.23","1.56","Analyze"
"PM","Philip Morris International Inc","Common stocks","Large cap","Consumer Staples","$146,757,652,214","5.20%","16.31","4.65","-14.54","Analyze"
"HON","Honeywell International Inc","Common stocks","Large cap","Industrials","$144,838,378,440","1.82%","27.59","4.22","7.89","Analyze"
"SCHW","Charles Schwab Corporation","Common stocks","Large cap","Financials","$142,180,716,509","1.07%","26.77","7.70","2.92","Analyze"
"QCOM","Qualcomm Inc","Common stocks","Large cap","Information Technology","$141,268,420,000","2.25%","12.66","3.60","10.60","Analyze"
"RTX","Raytheon Technologies Corporation","Common stocks","Large cap","Industrials","$140,817,121,637","2.19%","33.06","2.17","1.91","Analyze"
"NFLX","Netflix Inc","Common stocks","Large cap","Communication Services","$137,044,811,482","0.00%","27.37","4.51","7.81","Analyze"
"T","AT&T Inc.","Common stocks","Large cap","Communication Services","$135,612,600,000","6.29%","7.88","0.83","0.72","Analyze"
"IBM","International Business Machines Co","Common stocks","Large cap","Information Technology","$130,501,599,235","4.48%","23.67","2.42","6.86","Analyze"
"GS","Goldman Sachs Group Inc","Common stocks","Large cap","Financials","$129,656,411,053","2.21%","7.09","2.43","1.13","Analyze"
"LOW","Lowes Companies Inc","Common stocks","Large cap","Consumer Discretionary","$129,627,106,412","1.76%","15.85","1.36","-19.42","Analyze"
"UNP","Union Pacific Corp","Common stocks","Large cap","Industrials","$129,513,936,528","2.34%","19.16","5.71","10.97","Analyze"
"CVS","CVS Health Corp","Common stocks","Large cap","Health Care","$128,413,986,310","2.23%","15.79","0.43","1.71","Analyze"
"INTC","Intel Corporation Corp","Common stocks","Large cap","Information Technology","$126,740,170,000","4.67%","5.15","1.63","1.23","Analyze"
"AMD","Advanced Micro Devices Inc","Common stocks","Large cap","Information Technology","$123,135,640,092","0.00%","36.29","6.52","2.23","Analyze"
"DE","Deere & Company","Common stocks","Large cap","Industrials","$122,831,534,821","1.07%","21.74","2.79","6.49","Analyze"
"LMT","Lockheed Martin Corp","Common stocks","Large cap","Industrials","$122,454,059,212","2.38%","19.67","1.86","12.22","Analyze"
"CAT","Caterpillar Inc","Common stocks","Large cap","Industrials","$122,082,830,589","1.95%","18.62","2.32","7.09","Analyze"
"SPGI","S&P Global Inc","Common stocks","Large cap","Financials","$118,101,780,000","0.91%","33.61","13.62","2.97","Analyze"
"AXP","American Express","Common stocks","Large cap","Financials","$114,991,639,587","1.29%","14.60","2.56","5.09","Analyze"
"ELV","Elevance Health, Inc.","Common stocks","Large cap","Health Care","$114,962,732,433","1.04%","0.00","0.00","0.00","Analyze"
"INTU","Intuit Inc","Common stocks","Large cap","Information Technology","$114,726,678,151","0.69%","52.82","10.05","7.36","Analyze"
"SBUX","Starbucks Corp","Common stocks","Large cap","Consumer Discretionary","$112,250,142,000","2.01%","25.27","3.58","-12.70","Analyze"
"BLK","Blackrock Inc","Common stocks","Large cap","Financials","$111,191,287,609","2.52%","17.79","5.65","2.91","Analyze"
"MDT","Medtronic Plc","Common stocks","Large cap","Health Care","$110,851,384,303","3.11%","22.12","3.49","2.07","Analyze"
"ADP","Automatic Data Processing Inc","Common stocks","Large cap","Information Technology","$105,084,170,443","1.63%","36.72","6.66","25.06","Analyze"
"BA","Boeing","Common stocks","Large cap","Industrials","$104,124,788,484","0.00%","-21.00","1.71","-6.66","Analyze"
"GILD","Gilead Sciences Inc","Common stocks","Large cap","Health Care","$104,102,239,135","3.43%","23.06","3.79","5.22","Analyze"
"PLD","Prologis, Inc","REITs","Large cap","Real Estate","$104,076,819,000","2.64%","28.22","21.55","3.07","Analyze"
"PYPL","Paypal Holdings Inc","Common stocks","Large cap","Information Technology","$102,442,891,998","0.00%","28.61","3.97","4.97","Analyze"
"AMT","American Tower Corporation","REITs","Large cap","Real Estate","$102,237,678,307","2.57%","38.73","10.37","19.03","Analyze"
"GE","General Electric","Common stocks","Large cap","Industrials","$95,215,101,720","0.37%","-18.64","1.28","2.38","Analyze"
"AMAT","Applied Material Inc","Common stocks","Large cap","Information Technology","$95,029,773,783","1.12%","14.07","3.83","8.21","Analyze"
"C","Citigroup Inc","Common stocks","Large cap","Financials","$94,963,895,922","4.09%","5.45","1.33","0.47","Analyze"
"ISRG","Intuitive Surgical Inc","Common stocks","Large cap","Health Care","$93,357,135,703","0.00%","45.81","15.81","7.71","Analyze"
"CI","Cigna Corp","Common stocks","Large cap","Health Care","$93,302,371,851","1.42%","17.41","0.53","2.03","Analyze"
"MDLZ","Mondelez International Inc","Common stocks","Large cap","Consumer Staples","$88,287,236,542","2.20%","21.05","3.02","3.14","Analyze"
"TJX","TJX Companies, Inc.","Common stocks","Large cap","Consumer Discretionary","$87,218,298,430","1.51%","29.74","1.67","15.28","Analyze"
"EOG","EOG Resources Inc","Common stocks","Large cap","Energy","$86,522,472,761","1.98%","19.25","3.87","3.91","Analyze"
"CB","Chubb Ltd","Common stocks","Large cap","Financials","$85,761,838,117","1.57%","10.48","2.11","1.52","Analyze"
"ADI","Analog Devices Inc","Common stocks","Large cap","Information Technology","$84,953,790,675","1.79%","51.73","8.71","2.29","Analyze"
"NOW","Servicenow Inc","Common stocks","Large cap","Information Technology","$84,734,960,000","0.00%","372.80","13.54","20.83","Analyze"
"SYK","Stryker Corp","Common stocks","Large cap","Health Care","$84,000,091,340","1.25%","41.55","4.82","5.57","Analyze"
"TGT","Target Corp","Common stocks","Large cap","Consumer Discretionary","$82,377,805,517","2.18%","12.22","0.77","6.64","Analyze"
"MMC","Marsh & McLennan Inc","Common stocks","Large cap","Financials","$81,157,075,372","1.37%","25.41","4.00","7.51","Analyze"
"EL","Estee Lauder Inc Class A","Common stocks","Large cap","Consumer Staples","$81,009,162,000","1.05%","23.71","4.47","12.94","Analyze"
"VRTX","Vertex Pharmaceuticals Inc","Common stocks","Large cap","Health Care","$78,362,766,467","0.00%","31.99","9.86","7.19","Analyze"
"MO","Altria Group Inc","Common stocks","Large cap","Consumer Staples","$78,246,256,502","8.09%","25.97","3.72","-44.38","Analyze"
"REGN","Regeneron Pharmaceuticals Inc","Common stocks","Large cap","Health Care","$78,035,169,558","0.00%","9.84","4.73","3.92","Analyze"
"BKNG","Booking Holdings Inc","Common stocks","Large cap","Consumer Discretionary","$77,652,475,837","0.00%","149.33","6.21","17.76","Analyze"
"SLB","Schlumberger Nv","Common stocks","Large cap","Energy","$77,521,719,679","1.10%","35.92","3.28","4.90","Analyze"
"NOC","Northrop Grumman Corp","Common stocks","Large cap","Industrials","$77,066,894,752","1.31%","13.49","2.18","5.85","Analyze"
"DUK","Duke Energy Corp","Common stocks","Large cap","Utilities","$74,796,197,044","3.04%","20.44","2.87","1.53","Analyze"
"MMM","3M","Common stocks","Large cap","Industrials","$72,530,925,306","4.47%","12.72","2.05","4.77","Analyze"
"PGR","Progressive Corp","Common stocks","Large cap","Financials","$71,998,678,759","1.54%","34.14","1.50","4.32","Analyze"
"SO","Southern Co","Common stocks","Large cap","Utilities","$71,732,652,637","3.04%","31.30","3.01","2.20","Analyze"
"MRNA","Moderna, Inc.","Common stocks","Large cap","Health Care","$71,253,951,585","0.00%","4.87","3.15","4.17","Analyze"
"ITW","Illinois Tool Inc","Common stocks","Large cap","Industrials","$69,995,488,319","2.16%","26.05","4.71","19.53","Analyze"
"ZTS","Zoetis Inc","Common stocks","Large cap","Health Care","$69,826,906,291","0.87%","33.34","8.85","14.84","Analyze"
"MU","Micron Technology Inc","Common stocks","Large cap","Information Technology","$68,600,337,650","0.68%","7.60","2.20","1.43","Analyze"
"OXY","Occidental Petroleum Corp","Common stocks","Large cap","Energy","$67,650,480,110","0.54%","9.99","2.33","2.62","Analyze"
"GD","General Dynamics Corp","Common stocks","Large cap","Industrials","$67,577,481,261","2.00%","20.50","1.76","3.73","Analyze"
"LRCX","Lam Research Corp","Common stocks","Large cap","Information Technology","$66,926,795,349","1.26%","14.74","4.00","11.11","Analyze"
"PNC","PNC Financial Services Group, Inc.","Common stocks","Large cap","Financials","$66,200,786,077","3.46%","12.97","3.36","1.33","Analyze"
"CSX","CSX Corp","Common stocks","Large cap","Industrials","$65,826,417,305","1.25%","16.73","5.02","4.99","Analyze"
"APD","Air Products And Chemicals Inc","Common stocks","Large cap","Materials","$65,328,672,158","2.14%","29.29","5.74","4.69","Analyze"
"USB","US Bancorp","Common stocks","Large cap","Financials","$65,034,493,982","4.18%","9.25","2.85","1.25","Analyze"
"HUM","Humana Inc","Common stocks","Large cap","Health Care","$64,933,303,102","0.60%","21.59","0.75","4.28","Analyze"
"HCA","HCA Healthcare, Inc.","Common stocks","Large cap","Health Care","$64,756,260,135","0.94%","9.60","1.08","-32.12","Analyze"
"ETN","Eaton Corporation, PLC","Common stocks","Large cap","Industrials","$64,582,503,000","1.98%","29.00","3.27","3.87","Analyze"
"WM","Waste Management Inc","Common stocks","Large cap","Industrials","$64,481,847,011","1.60%","34.01","3.49","9.08","Analyze"
"FISV","Fiserv Inc","Common stocks","Large cap","Information Technology","$63,725,067,427","0.00%","37.51","3.84","2.04","Analyze"
"PXD","Pioneer Natural Resource","Common stocks","Large cap","Energy","$63,487,618,074","7.57%","14.66","3.03","2.60","Analyze"
"BDX","Becton Dickinson","Common stocks","Large cap","Health Care","$63,418,837,055","1.54%","34.61","3.17","2.58","Analyze"
"CL","Colgate-Palmolive","Common stocks","Large cap","Consumer Staples","$62,908,334,297","2.45%","31.06","3.60","197.77","Analyze"
"CME","CME Group Inc Class A","Common stocks","Large cap","Financials","$62,516,604,100","2.23%","22.72","13.07","2.25","Analyze"
"SHW","Sherwin Williams","Common stocks","Large cap","Materials","$62,347,314,455","0.97%","34.18","3.07","27.93","Analyze"
"TFC","Truist Financial Corporation","Common stocks","Large cap","Financials","$61,469,082,123","4.25%","10.02","2.78","0.93","Analyze"
"CHTR","Charter Communications Inc Class A","Common stocks","Large cap","Communication Services","$61,037,544,657","0.00%","12.09","1.17","5.06","Analyze"
"EQIX","Equinix, Inc.","REITs","Large cap","Real Estate","$60,818,825,321","1.87%","123.80","8.98","5.56","Analyze"
"BSX","Boston Scientific Corp","Common stocks","Large cap","Health Care","$60,758,644,582","0.00%","81.75","5.00","3.68","Analyze"
"AON","Aon Plc","Common stocks","Large cap","Financials","$60,378,303,489","0.75%","44.47","4.89","51.57","Analyze"
"CCI","Crown Castle International Corp.","REITs","Large cap","Real Estate","$58,894,528,136","4.27%","40.25","8.93","7.31","Analyze"
"ICE","Intercontinental Exchange Inc","Common stocks","Large cap","Financials","$58,675,848,206","1.39%","14.28","6.38","2.56","Analyze"
"MET","Metlife Inc","Common stocks","Large cap","Financials","$58,280,548,907","2.64%","8.75","0.88","1.08","Analyze"
"DG","Dollar General Corp","Common stocks","Large cap","Consumer Discretionary","$58,030,583,003","0.80%","24.09","1.70","9.23","Analyze"
"ATVI","Activision Blizzard Inc","Common stocks","Large cap","Communication Services","$57,820,358,568","0.64%","23.37","6.97","3.24","Analyze"
"NSC","Norfolk Southern Corp","Common stocks","Large cap","Industrials","$57,447,936,814","1.98%","19.05","5.03","4.29","Analyze"
"GM","General Motors","Common stocks","Large cap","Consumer Discretionary","$57,168,838,709","0.22%","6.18","0.44","0.88","Analyze"
"EMR","Emerson Electric","Common stocks","Large cap","Industrials","$56,880,852,000","2.12%","19.64","3.01","5.33","Analyze"
"F","Ford Motor Company","Common stocks","Large cap","Consumer Discretionary","$56,479,880,929","4.13%","4.75","0.41","1.22","Analyze"
"MPC","Marathon Petroleum Corp","Common stocks","Large cap","Energy","$56,239,299,960","2.06%","5.19","0.42","2.34","Analyze"
"MCO","Moodys Corp","Common stocks","Large cap","Financials","$54,729,168,000","0.90%","27.51","8.91","22.71","Analyze"
"KLAC","KLA-Tencor Corporation","Common stocks","Large cap","Information Technology","$54,639,500,975","1.21%","17.35","6.32","13.39","Analyze"
"FCX","Freeport-McMoRan, Inc.","Common stocks","Large cap","Materials","$54,443,072,705","0.98%","10.45","2.21","3.59","Analyze"
"VLO","Valero Energy Corp","Common stocks","Large cap","Energy","$53,869,167,635","2.75%","20.60","0.41","2.78","Analyze"
"PSX","Phillips 66","Common stocks","Large cap","Energy","$52,055,711,940","2.55%","19.97","0.41","2.33","Analyze"
"ADM","Archer-Daniels-Midland Company","Common stocks","Large cap","Consumer Staples","$51,928,564,478","1.68%","17.01","0.58","2.20","Analyze"
"KDP","Keurig Dr Pepper Inc.","Common stocks","Large cap","Consumer Staples","$51,820,635,323","2.07%","21.54","4.03","2.03","Analyze"
"ORLY","Oreilly Automotive Inc","Common stocks","Large cap","Consumer Discretionary","$51,632,635,684","0.00%","24.07","3.82","-157.29","Analyze"
"MAR","Marriott International Inc","Common stocks","Large cap","Consumer Discretionary","$51,206,613,195","0.37%","34.44","3.25","28.90","Analyze"
"MNST","Monster Beverage Corp","Common stocks","Large cap","Consumer Staples","$51,203,918,082","0.00%","37.75","8.80","7.46","Analyze"
"SNPS","Synopsys Inc","Common stocks","Large cap","Information Technology","$51,102,971,165","0.00%","50.25","10.74","9.11","Analyze"
"PSA","Public Storage","REITs","Large cap","Real Estate","$50,777,057,971","2.66%","27.27","14.02","5.27","Analyze"
"MCK","Mckesson Corp","Common stocks","Large cap","Health Care","$50,149,518,006","0.55%","46.23","0.19","-22.67","Analyze"
"ADSK","Autodesk Inc","Common stocks","Large cap","Information Technology","$50,144,056,850","0.00%","100.89","11.43","59.06","Analyze"
"D","Dominion Energy Inc","Common stocks","Large cap","Utilities","$49,063,244,070","4.42%","16.71","3.41","1.71","Analyze"
"SRE","Sempra Energy","Common stocks","Large cap","Utilities","$48,856,834,611","2.89%","49.88","3.64","8.56","Analyze"
"DVN","Devon Energy Corp","Common stocks","Large cap","Energy","$48,125,394,000","4.40%","13.00","3.45","5.01","Analyze"
"CTVA","Corteva, Inc.","Common stocks","Large cap","Materials","$47,670,906,240","0.86%","27.10","2.97","1.82","Analyze"
"APH","Amphenol Corp","Common stocks","Large cap","Information Technology","$47,429,034,838","1.00%","27.90","4.14","7.33","Analyze"
"EW","Edwards Lifesciences Corp","Common stocks","Large cap","Health Care","$46,963,067,504","0.00%","30.15","8.77","7.94","Analyze"
"CDNS","Cadence Design Systems Inc","Common stocks","Large cap","Information technology","$46,288,081,840","0.00%","62.21","14.68","16.77","Analyze"
"ROP","Roper Technologies Inc","Common stocks","Large cap","Information Technology","$46,233,392,941","0.57%","15.86","7.59","3.38","Analyze"
"HES","Hess Corp","Common stocks","Large cap","Energy","$46,073,617,159","0.92%","62.47","5.84","7.17","Analyze"
"AZO","Autozone Inc","Common stocks","Large cap","Consumer Discretionary","$46,041,346,906","0.00%","19.31","2.95","-14.83","Analyze"
"GIS","General Mills Inc","Common stocks","Large cap","Consumer Staples","$45,963,400,736","2.68%","20.39","2.47","4.66","Analyze"
"FDX","FedEx Corporation","Common stocks","Large cap","Industrials","$45,866,340,538","2.14%","8.66","0.50","1.81","Analyze"
"AEP","American Electric Power Inc","Common stocks","Large cap","Utilities","$45,846,917,351","3.51%","17.45","2.68","832.07","Analyze"
"JCI","Johnson Controls International Plc","Common stocks","Large cap","Industrials","$45,737,003,721","2.07%","36.71","1.85","2.74","Analyze"
"KHC","Kraft Heinz","Common stocks","Large cap","Consumer Staples","$45,371,413,275","4.25%","37.04","1.77","0.91","Analyze"
"NXPI","NXP Semiconductors Nv","Common stocks","Large cap","Information Technology","$45,299,365,226","1.76%","29.84","3.89","6.96","Analyze"
"CTAS","Cintas Corp","Common stocks","Large cap","Industrials","$45,168,375,124","0.94%","37.41","5.93","13.71","Analyze"
"CNC","Centene Corp","Common stocks","Large cap","Health Care","$45,113,909,741","0.00%","9.03","0.34","1.66","Analyze"
"AIG","American International Group Inc","Common stocks","Large cap","Financials","$44,980,009,805","2.10%","4.57","0.85","0.80","Analyze"
"DXCM","Dexcom Inc","Common stocks","Large cap","Health Care","$44,925,682,519","0.00%","212.21","17.47","20.52","Analyze"
"HSY","Hershey Foods","Common stocks","Large cap","Consumer Staples","$44,565,934,800","1.71%","28.33","4.77","15.70","Analyze"
"FTNT","Fortinet Inc","Common stocks","Large cap","Information Technology","$43,905,463,818","0.00%","68.82","12.24","201.68","Analyze"
"PAYX","Paychex Inc","Common stocks","Large cap","Information Technology","$43,849,941,367","2.47%","32.26","9.75","13.34","Analyze"
"A","Agilent Technologies Inc","Common stocks","Large cap","Health Care","$43,814,004,360","0.57%","36.14","6.80","8.45","Analyze"
"AFL","Aflac Inc","Common stocks","Large cap","Financials","$43,668,210,569","2.26%","10.83","2.05","1.49","Analyze"
"ECL","Ecolab Inc","Common stocks","Large cap","Materials","$43,513,182,726","1.33%","38.50","3.32","6.03","Analyze"
"KMB","Kimberly Clark Corp","Common stocks","Large cap","Consumer Staples","$43,246,236,925","3.56%","24.84","2.19","61.76","Analyze"
"BIIB","Biogen Inc","Common stocks","Large cap","Health Care","$43,168,740,891","0.00%","29.78","3.99","3.84","Analyze"
"MCHP","Microchip Technology Inc","Common stocks","Large cap","Information Technology","$42,317,670,147","1.37%","32.92","6.20","7.18","Analyze"
"SYY","Sysco Corp","Common stocks","Large cap","Consumer Staples","$42,289,750,045","2.28%","42.73","0.64","32.33","Analyze"
"CMG","Chipotle Mexican Grill Inc","Common stocks","Large cap","Consumer Discretionary","$42,232,282,499","0.00%","61.85","5.40","19.83","Analyze"
"LHX","L3Harris Technologies, Inc.","Common stocks","Large cap","Industrials","$42,124,714,366","1.97%","22.76","2.43","2.19","Analyze"
"TRV","Travelers Companies Inc","Common stocks","Large cap","Financials","$42,065,380,738","2.00%","10.82","1.19","1.66","Analyze"
"KMI","Kinder Morgan Inc","Common stocks","Large cap","Energy","$41,942,867,045","5.78%","39.71","2.67","1.35","Analyze"
"MSI","Motorola Solutions Inc","Common stocks","Large cap","Information Technology","$41,869,355,566","1.26%","33.73","5.05","-135.33","Analyze"
"IQV","IQVIA Holdings, Inc.","Common stocks","Large cap","Health Care","$41,663,344,559","0.00%","38.56","2.97","7.03","Analyze"
"WMB","Williams Inc","Common stocks","Large cap","Energy","$41,301,720,169","4.88%","28.03","3.78","3.64","Analyze"
"ENPH","Enphase Energy Inc","Common stocks","Large cap","Information Technology","$40,876,295,808","0.00%","246.88","26.86","123.50","Analyze"
"TT","Trane Technologies plc","Common stocks","Large cap","Industrials","$40,736,754,516","1.46%","27.99","2.81","6.76","Analyze"
"RSG","Republic Services Inc","Common stocks","Large cap","Industrials","$40,707,240,576","1.45%","30.70","3.49","4.60","Analyze"
"TEL","TE Connectivity Ltd","Common stocks","Large cap","Information Technology","$40,629,144,105","1.66%","16.09","2.62","3.85","Analyze"
"O","Realty Income Corporation","REITs","Large cap","Real Estate","$40,601,940,961","4.50%","86.50","16.61","1.57","Analyze"
"ANET","Arista Networks Inc","Common stocks","Large cap","Information Technology","$40,534,207,512","0.00%","42.81","12.84","9.62","Analyze"
"MSCI","MSCI Inc","Common stocks","Large cap","Financials","$40,220,556,661","0.91%","53.53","18.93","-46.13","Analyze"
"PH","Parker-Hannifin Corp","Common stocks","Large cap","Industrials","$39,941,886,685","1.60%","23.47","2.56","4.43","Analyze"
"PRU","Prudential Financial Inc","Common stocks","Large cap","Financials","$39,710,880,000","4.33%","8.22","0.59","0.90","Analyze"
"AJG","Arthur J Gallagher","Common stocks","Large cap","Financials","$39,591,535,200","1.07%","41.47","4.68","4.44","Analyze"
"COF","Capital One Financial Corp","Common stocks","Large cap","Financials","$39,528,704,116","2.29%","3.52","1.26","0.69","Analyze"
"SPG","Simon Property Group, Inc","REITs","Large cap","Real Estate","$39,285,806,247","5.49%","16.97","7.59","11.61","Analyze"
"STZ","Constellation Brands Class A","Common stocks","Large cap","Consumer Staples","$39,250,104,038","1.29%","90.79","4.45","3.34","Analyze"
"EXC","Exelon Corp","Common stocks","Large cap","Utilities","$38,000,695,227","3.49%","14.66","1.20","1.62","Analyze"
"FIS","Fidelity National Information Services","Common stocks","Large cap","Information Technology","$37,899,145,855","2.80%","40.38","2.68","0.78","Analyze"
"DLTR","Dollar Tree Inc","Common stocks","Large cap","Consumer Discretionary","$37,809,517,171","0.00%","26.63","1.44","4.90","Analyze"
"ILMN","Illumina Inc","Common stocks","Large cap","Health Care","$37,514,477,000","0.00%","53.59","8.06","3.44","Analyze"
"HLT","Hilton Worldwide Holdings Inc","Common stocks","Large cap","Consumer Discretionary","$37,468,976,595","0.32%","51.27","5.65","-53.62","Analyze"
"CARR","Carrier Global Corporation","Common stocks","Large cap","Industrials","$37,088,198,190","1.34%","13.79","1.80","5.17","Analyze"
"NUE","Nucor Corp","Common stocks","Large cap","Materials","$36,955,121,426","1.38%","4.55","0.92","2.39","Analyze"
"XEL","Xcel Energy Inc","Common stocks","Large cap","Utilities","$36,879,076,145","2.82%","23.15","2.70","2.38","Analyze"
"DOW","Dow Inc.","Common stocks","Large cap","Materials","$36,313,978,280","5.33%","5.16","0.62","1.88","Analyze"
"NEM","Newmont Corporation","Common stocks","Large cap","Materials","$36,265,922,619","4.74%","34.22","2.93","1.68","Analyze"
"IDXX","Idexx Laboratories Inc","Common stocks","Large cap","Health Care","$35,974,029,782","0.00%","48.97","10.99","56.23","Analyze"
"PCAR","Paccar Inc","Common stocks","Large cap","Industrials","$35,743,551,359","1.35%","17.93","1.48","2.94","Analyze"
"EA","Electronic Arts Inc","Common stocks","Large cap","Communication Services","$35,553,612,535","0.56%","45.06","5.09","4.66","Analyze"
"BK","Bank Of New York Mellon Corp","Common stocks","Large cap","Financials","$35,426,910,165","3.20%","10.44","2.27","0.85","Analyze"
"CMI","Cummins Inc","Common stocks","Large cap","Industrials","$35,355,741,448","2.34%","18.11","1.45","4.18","Analyze"
"HAL","Halliburton","Common stocks","Large cap","Energy","$35,332,100,093","1.04%","22.17","2.19","4.90","Analyze"
"WBA","Walgreen Boots Alliance Inc","Common stocks","Large cap","Consumer Staples","$35,154,652,149","4.63%","5.56","0.26","1.31","Analyze"
"ODFL","Old Dominion Freight Line Inc","Common stocks","Large cap","Industrials","$35,143,099,142","0.35%","30.97","6.25","10.03","Analyze"
"DD","DuPont de Nemours, Inc.","Common stocks","Large cap","Materials","$35,108,074,955","1.81%","22.00","2.20","1.31","Analyze"
"ALL","Allstate Corp","Common stocks","Large cap","Financials","$35,015,620,055","2.52%","9.96","0.70","1.51","Analyze"
"YUM","Yum Brands Inc","Common stocks","Large cap","Consumer Discretionary","$34,734,930,756","1.78%","21.19","5.23","-4.11","Analyze"
"ALB","Albemarle Corp","Common stocks","Large cap","Materials","$34,660,825,633","0.53%","119.40","9.56","5.77","Analyze"
"AMP","Ameriprise Finance Inc","Common stocks","Large cap","Financials","$34,417,450,501","1.50%","11.07","2.49","6.81","Analyze"
"ROST","Ross Stores Inc","Common stocks","Large cap","Consumer Discretionary","$33,942,742,133","1.24%","29.46","1.79","8.25","Analyze"
"CSGP","Costar Group Inc","Common stocks","Large cap","Industrials","$33,637,334,863","0.00%","109.33","16.80","5.80","Analyze"
"TDG","Transdigm Group Inc","Common stocks","Large cap","Industrials","$33,604,044,074","0.00%","37.51","6.70","-11.49","Analyze"
"LVS","Las Vegas Sands Corp","Common stocks","Large cap","Consumer Discretionary","$33,569,823,802","0.00%","18.17","8.43","7.41","Analyze"
"KR","Kroger","Common stocks","Large cap","Consumer Staples","$33,549,842,172","1.99%","31.44","0.00","3.62","Analyze"
"BF.B","Brown Forman Inc Class B","Common stocks","Large cap","Consumer Staples","$33,292,560,336","1.08%","26.71","8.88","8.56","Analyze"
"WELL","Welltower Inc","REITs","Large cap","Real Estate","$33,033,974,290","1.74%","98.70","6.53","1.80","Analyze"
"OTIS","Otis Worldwide Corporation","Common stocks","Large cap","Industrials","$32,789,490,121","1.34%","26.15","2.29","-6.49","Analyze"
"RMD","Resmed Inc","Common stocks","Large cap","Health Care","$32,758,138,650","0.77%","42.20","9.53","10.03","Analyze"
"DLR","Digital Realty Trust, Inc","REITs","Large cap","Real Estate","$32,165,116,904","4.25%","23.02","7.20","1.78","Analyze"
"ON","ON Semiconductor Corp","Common stocks","Large cap","Information Technology","$32,129,071,474","0.00%","22.16","4.46","6.43","Analyze"
"ED","Consolidated Edison Inc","Common stocks","Large cap","Utilities","$31,831,197,466","3.48%","21.20","2.26","1.59","Analyze"
"NDAQ","Nasdaq Inc","Common stocks","Large cap","Financials","$31,830,000,490","1.17%","27.16","5.52","5.29","Analyze"
"AME","Ametek Inc","Common stocks","Large cap","Industrials","$31,825,506,336","0.62%","30.50","5.50","4.59","Analyze"
"SBAC","SBA Communications Corporation","REITs","Large cap","Real Estate","$31,792,611,975","0.92%","72.97","13.36","-5.89","Analyze"
"ABC","AmerisourceBergen Corp","Common stocks","Large cap","Health Care","$31,423,113,432","1.21%","18.56","0.14","58.23","Analyze"
"MTD","Mettler Toledo Inc","Common stocks","Large cap","Health Care","$31,390,886,938","0.00%","39.22","8.24","367.95","Analyze"
"ROK","Rockwell Automation Inc","Common stocks","Large cap","Industrials","$30,955,092,730","1.67%","47.08","4.23","11.53","Analyze"
"BKR","Baker Hughes Company Class A","Common stocks","Large cap","Energy","$30,935,332,589","2.34%","101.10","1.50","1.97","Analyze"
"KEYS","Keysight Technologies Inc","Common stocks","Large cap","Information Technology","$30,838,781,512","0.00%","29.11","6.00","7.88","Analyze"
"CTSH","Cognizant Technology Solutions","Common stocks","Large cap","Information Technology","$30,814,729,063","1.74%","14.04","1.63","2.57","Analyze"
"HPQ","HP Inc","Common stocks","Large cap","Information Technology","$30,741,490,614","3.23%","4.52","0.47","-12.66","Analyze"
"VICI","VICI Properties Inc","REITs","Large cap","Real Estate","$30,674,666,459","4.53%","30.96","19.77","1.98","Analyze"
"CEG","Constellation Energy Corporation","Common stocks","Large cap","Utilities","$30,576,173,183","0.60%","-48.84","1.46","2.75","Analyze"
"PPG","PPG Industries Inc","Common stocks","Large cap","Materials","$30,436,047,523","1.85%","28.10","1.77","4.88","Analyze"
"APTV","Aptiv Plc","Common stocks","Large cap","Consumer Discretionary","$30,116,045,706","0.00%","91.91","1.91","3.51","Analyze"
"FAST","Fastenal","Common stocks","Large cap","Industrials","$29,571,592,604","2.38%","30.05","4.70","9.41","Analyze"
"WEC","WEC Energy Group Inc","Common stocks","Large cap","Utilities","$29,417,424,361","3.06%","21.96","3.45","2.64","Analyze"
"GWW","W.W. Grainger Inc","Common stocks","Large cap","Industrials","$29,398,430,506","1.16%","25.41","2.16","14.30","Analyze"
"MTB","M&T Bank Corp","Common stocks","Large cap","Financials","$29,330,459,243","2.81%","17.25","4.93","1.63","Analyze"
"FANG","Diamondback Energy Inc","Common stocks","Large cap","Energy","$29,265,043,384","1.21%","10.72","3.65","2.31","Analyze"
"DHI","D R Horton Inc","Common stocks","Large cap","Consumer Discretionary","$29,247,516,761","1.06%","5.74","0.96","1.72","Analyze"
"OKE","Oneok Inc","Common stocks","Large cap","Energy","$29,163,738,191","5.60%","19.24","1.55","4.83","Analyze"
"STT","State Street Corp","Common stocks","Large cap","Financials","$29,157,064,081","2.91%","10.86","2.57","1.10","Analyze"
"GLW","Corning Inc","Common stocks","Large cap","Information Technology","$29,062,078,879","2.34%","26.10","2.01","2.28","Analyze"
"PCG","Pacific Gas & Electric Co.","Common stocks","Large cap","Utilities","$28,735,600,000","0.00%","115.86","1.32","1.37","Analyze"
"PEG","Public Service Enterprise Group Inc","Common stocks","Large cap","Utilities","$28,495,019,880","3.69%","-22.21","3.12","2.12","Analyze"
"DFS","Discover Financial Services","Common stocks","Large cap","Financials","$28,314,386,027","2.11%","5.79","2.32","2.16","Analyze"
"TROW","T Rowe Price Group Inc","Common stocks","Large cap","Financials","$28,234,778,996","3.65%","9.68","3.66","3.06","Analyze"
"LYB","Lyondellbasell Industries NV","Common stocks","Large cap","Materials","$27,769,251,646","5.26%","4.60","0.55","2.12","Analyze"
"VRSK","Verisk Analytics Inc","Common stocks","Large cap","Industrials","$27,680,667,150","0.69%","27.20","9.08","10.27","Analyze"
"GPN","Global Payments Inc","Common stocks","Large cap","Information Technology","$27,656,629,213","0.97%","26.50","3.18","1.07","Analyze"
"WBD","Warner Bros. Discovery, Inc. - Series A","Common stocks","Large cap","Communication Services","$27,513,726,850","0.00%","21.31","2.19","2.21","Analyze"
"ES","Eversource Energy","Common stocks","Large cap","Utilities","$27,394,378,268","3.16%","21.34","2.61","1.87","Analyze"
"BAX","Baxter International Inc","Common stocks","Large cap","Health Care","$27,393,922,044","2.08%","26.20","2.02","3.05","Analyze"
"IT","Gartner Inc","Common stocks","Large cap","Information Technology","$26,745,011,167","0.00%","33.10","5.47","224.69","Analyze"
"AWK","American Water Works Inc","Common stocks","Large cap","Utilities","$26,550,506,161","1.75%","20.76","6.84","3.58","Analyze"
"RJF","Raymond James Inc","Common stocks","Large cap","Financials","$26,516,258,640","1.10%","17.28","2.53","3.02","Analyze"
"HRL","Hormel Foods Corp","Common stocks","Large cap","Consumer Staples","$25,747,755,053","2.19%","28.30","2.15","3.69","Analyze"
"GPC","Genuine Parts","Common stocks","Large cap","Consumer Discretionary","$25,610,903,549","1.91%","27.40","1.30","7.06","Analyze"
"EBAY","Ebay Inc","Common stocks","Large cap","Consumer Discretionary","$25,515,830,271","1.78%","2.19","2.49","3.62","Analyze"
"EFX","Equifax Inc","Common stocks","Large cap","Industrials","$25,358,034,146","0.75%","32.54","5.00","6.49","Analyze"
"WTW","Willis Towers Watson Public Limited Company","Common stocks","Large cap","Financials","$25,219,365,693","1.39%","5.84","2.76","2.30","Analyze"
"CDW","CDW Corp","Common stocks","Large cap","Information Technology","$25,024,315,203","1.08%","24.87","1.14","28.02","Analyze"
"FITB","Fifth Third Bancorp","Common stocks","Large cap","Financials","$25,019,140,251","3.33%","10.20","3.55","1.24","Analyze"
"LEN","Lennar Corporation Class A","Common stocks","Large cap","Consumer Discretionary","$24,968,209,473","1.70%","5.60","0.89","1.07","Analyze"
"IFF","International Flavors & Fragrances","Common stocks","Large cap","Materials","$24,963,354,191","3.21%","45.13","2.01","1.20","Analyze"
"URI","United Rentals Inc","Common stocks","Large cap","Industrials","$24,596,886,822","0.00%","15.53","2.42","3.96","Analyze"
"ARE","Alexandria Real Estate Equities, Inc","REITs","Large cap","Real Estate","$24,583,555,690","3.07%","60.01","10.93","1.43","Analyze"
"ZBH","Zimmer Biomet Holdings Inc","Common stocks","Large cap","Health Care","$24,158,207,367","0.83%","59.81","3.16","2.00","Analyze"
"WY","Weyerhaeuser Company","REITs","Large cap","Real Estate","$24,093,922,580","2.14%","8.75","2.23","2.31","Analyze"
"TSCO","Tractor Supply","Common stocks","Large cap","Consumer Discretionary","$23,882,153,569","1.51%","24.13","1.84","13.52","Analyze"
"CBRE","CBRE Group Inc","Common stocks","Large cap","Real Estate","$23,873,071,531","0.00%","12.18","0.82","2.82","Analyze"
"AVB","AvalonBay Communities, Inc","REITs","Large cap","Real Estate","$23,638,455,398","3.72%","20.67","10.03","2.12","Analyze"
"FTV","Fortive Corp","Common stocks","Large cap","Industrials","$23,613,162,805","0.42%","36.80","4.40","2.48","Analyze"
"K","Kellogg","Common stocks","Large cap","Consumer Staples","$23,586,628,500","3.33%","15.52","1.65","6.31","Analyze"
"EQR","Equity Residential","REITs","Large cap","Real Estate","$23,544,348,716","3.93%","17.32","9.34","2.15","Analyze"
"FRC","First Republic Bank","Common stocks","Large cap","Financials","$23,454,687,644","0.79%","15.82","4.50","1.40","Analyze"
"VMC","Vulcan Materials","Common stocks","Large cap","Materials","$23,378,317,729","0.91%","38.90","3.88","3.57","Analyze"
"HIG","Hartford Financial Services Group","Common stocks","Large cap","Financials","$23,183,049,946","2.10%","9.11","1.08","1.46","Analyze"
"EIX","Edison International","Common stocks","Large cap","Utilities","$23,168,336,472","4.54%","39.91","1.46","1.48","Analyze"
"TSN","Tyson Foods Inc Class A","Common stocks","Large cap","Consumer Staples","$23,138,594,200","2.84%","5.72","0.45","1.22","Analyze"
"LUV","Southwest Airlines","Common stocks","Large cap","Industrials","$22,942,577,435","0.00%","38.62","1.24","2.17","Analyze"
"PFG","Principal Financial Group Inc","Common stocks","Large cap","Financials","$22,836,244,791","2.71%","14.55","1.61","1.92","Analyze"
"IR","Ingersoll Rand Plc","Common stocks","Large cap","Industrials","$22,477,427,994","0.14%","18.29","4.19","2.48","Analyze"
"MKC","McCormick & Co  Non-voting","Common stocks","Large cap","Consumer Staples","$22,442,559,865","1.76%","28.01","3.53","4.56","Analyze"
"DAL","Delta Air Lines Inc","Common stocks","Large cap","Industrials","$22,377,473,834","0.00%","42.40","0.64","7.31","Analyze"
"ULTA","Ulta Beauty Inc","Common stocks","Large cap","Consumer Discretionary","$22,346,402,932","0.00%","22.63","2.59","14.53","Analyze"
"ETR","Entergy Corp","Common stocks","Large cap","Utilities","$22,287,565,280","3.66%","21.13","1.89","1.90","Analyze"
"DTE","DTE Energy","Common stocks","Large cap","Utilities","$22,179,583,130","3.06%","24.71","1.37","2.52","Analyze"
"ANSS","Ansys Inc","Common stocks","Large cap","Information Technology","$22,144,801,259","0.00%","48.86","11.25","5.07","Analyze"
"MLM","Martin Marietta Materials Inc","Common stocks","Large cap","Materials","$21,989,419,280","0.70%","33.56","3.88","3.44","Analyze"
"CTRA","Coterra Energy Inc.","Common stocks","Large cap","Energy","$21,927,277,031","2.12%","12.70","4.70","1.78","Analyze"
"FE","Firstenergy Corp","Common stocks","Large cap","Utilities","$21,812,384,389","4.03%","17.60","1.91","2.48","Analyze"
"HBAN","Huntington Bancshares Inc","Common stocks","Large cap","Financials","$21,785,287,251","4.04%","20.10","3.48","1.18","Analyze"
"LH","Laboratory Corporation Of America","Common stocks","Large cap","Health Care","$21,712,316,000","0.59%","10.29","1.37","2.01","Analyze"
"RF","Regions Financial Corp","Common stocks","Large cap","Financials","$21,613,726,867","3.03%","9.18","3.71","1.25","Analyze"
"AEE","Ameren Corp","Common stocks","Large cap","Utilities","$21,565,919,338","2.77%","21.65","3.22","2.23","Analyze"
"CF","CF Industries Holdings Inc","Common stocks","Large cap","Materials","$20,974,615,489","1.40%","12.22","2.51","5.03","Analyze"
"MRO","Marathon Oil Corp","Common stocks","Large cap","Energy","$20,919,134,650","0.97%","9.28","3.38","1.76","Analyze"
"PAYC","Paycom Software Inc","Common stocks","Large cap","Information Technology","$20,838,471,913","0.00%","90.78","18.33","20.09","Analyze"
"ACGL","Arch Capital Group Ltd","Common stocks","Large cap","Financials","$20,790,562,848","0.00%","11.23","2.41","1.61","Analyze"
"EXR","Extra Space Storage Inc","REITs","Large cap","Real Estate","$20,737,748,611","3.67%","25.38","12.48","6.55","Analyze"
"VRSN","Verisign Inc","Common stocks","Large cap","Information Technology","$20,729,397,642","0.00%","26.44","15.35","-16.30","Analyze"
"PWR","Quanta Services Inc","Common stocks","Large cap","Industrials","$20,584,911,522","0.19%","43.61","1.45","4.08","Analyze"
"ROL","Rollins Inc","Common stocks","Large cap","Industrials","$20,422,831,921","1.03%","62.63","8.24","18.69","Analyze"
"EPAM","Epam Systems Inc","Common stocks","Large cap","Information Technology","$20,252,224,529","0.00%","43.49","4.88","7.88","Analyze"
"PPL","PPL Corporation","Common stocks","Large cap","Utilities","$20,241,389,627","3.82%","32.45","3.34","1.48","Analyze"
"XYL","Xylem Inc","Common stocks","Large cap","Industrials","$20,208,240,383","1.05%","48.01","3.88","6.33","Analyze"
"HPE","Hewlett Packard Enterprise","Common stocks","Large cap","Information Technology","$19,956,730,897","3.06%","5.27","0.72","0.96","Analyze"
"DOV","Dover Corp","Common stocks","Large cap","Industrials","$19,952,717,532","1.40%","17.76","2.47","4.58","Analyze"
"CFG","Citizens Financial Group Inc","Common stocks","Large cap","Financials","$19,926,184,484","3.94%","9.71","3.00","0.89","Analyze"
"WAT","Waters Corp","Common stocks","Large cap","Health Care","$19,592,024,159","0.00%","27.79","6.83","52.21","Analyze"
"JBHT","JB Hunt Transport Services Inc","Common stocks","Large cap","Industrials","$19,586,174,309","0.84%","22.84","1.50","6.02","Analyze"
"CAH","Cardinal Health Inc","Common stocks","Large cap","Health Care","$19,481,802,819","2.62%","-20.64","0.11","-28.27","Analyze"
"TDY","Teledyne Technologies Inc","Common stocks","Large cap","Information Technology","$19,370,416,604","0.00%","33.90","3.78","2.48","Analyze"
"INVH","Invitation Homes Inc","REITs","Large cap","Real Estate","$19,363,351,818","2.75%","64.36","9.43","1.87","Analyze"
"NTRS","Northern Trust Corporation","Common stocks","Large cap","Financials","$19,172,157,759","3.07%","12.71","3.00","1.68","Analyze"
"MPWR","Monolithic Power Systems Inc","Common stocks","Large cap","Information Technology","$19,012,918,260","0.70%","68.84","14.28","14.34","Analyze"
"HOLX","Hologic Inc","Common stocks","Large cap","Health Care","$18,626,620,253","0.00%","12.00","3.45","3.89","Analyze"
"AES","AES Corp","Common stocks","Large cap","Utilities","$18,555,644,833","2.25%","-127.92","1.63","6.14","Analyze"
"CHD","Church And Dwight Inc","Common stocks","Large cap","Consumer Staples","$18,414,498,882","1.38%","22.64","3.51","5.40","Analyze"
"EXPD","Expeditors International Of Washington","Common stocks","Large cap","Industrials","$18,405,714,173","1.08%","12.48","1.02","4.79","Analyze"
"WRB","WR Berkley Corp","Common stocks","Large cap","Financials","$18,347,054,722","0.54%","13.77","1.79","2.78","Analyze"
"WST","West Pharmaceutical Services Inc","Common stocks","Large cap","Health Care","$18,337,230,550","0.29%","25.97","6.37","7.64","Analyze"
"CNP","Centerpoint Energy Inc","Common stocks","Large cap","Utilities","$18,225,056,517","2.35%","11.77","2.13","1.86","Analyze"
"MOH","Molina Healthcare Inc","Common stocks","Large cap","Health Care","$18,222,552,000","0.00%","26.51","0.63","6.54","Analyze"
"MAA","Mid-America Apartment Communities, Inc","REITs","Large cap","Real Estate","$18,089,474,870","2.95%","30.54","9.89","3.06","Analyze"
"WAB","Westinghouse Air Brake Technologies","Common stocks","Large cap","Industrials","$18,075,847,003","0.60%","30.36","2.28","1.80","Analyze"
"VTR","Ventas, Inc","REITs","Large cap","Real Estate","$17,959,329,066","3.95%","120.62","4.56","1.63","Analyze"
"PKI","Perkinelmer Inc","Common stocks","Large cap","Health Care","$17,959,142,752","0.20%","24.06","3.58","2.44","Analyze"
"MOS","Mosaic","Common stocks","Large cap","Materials","$17,905,897,578","0.92%","6.43","1.28","1.47","Analyze"
"KEY","Keycorp","Common stocks","Large cap","Financials","$17,885,027,098","4.01%","7.53","2.56","1.15","Analyze"
"CLX","Clorox","Common stocks","Large cap","Consumer Staples","$17,882,158,629","3.19%","38.48","2.52","44.06","Analyze"
"GRMN","Garmin Ltd","Common stocks","Large cap","Consumer Discretionary","$17,734,663,720","2.99%","16.13","3.49","2.77","Analyze"
"AMCR","Amcor plc","Common stocks","Large cap","Materials","$17,525,760,174","4.03%","18.28","1.24","3.85","Analyze"
"DRI","Darden Restaurants Inc","Common stocks","Large cap","Consumer Discretionary","$17,513,588,143","3.18%","17.12","1.88","7.79","Analyze"
"J","Jacobs Engineering Group Inc.","Common stocks","Large cap","Industrials","$17,485,555,712","0.68%","0.00","1.22","0.00","Analyze"
"IEX","IDEX Corp","Common stocks","Large cap","Industrials","$17,469,037,267","1.01%","36.82","6.10","6.06","Analyze"
"BALL","Ball Corporation","Common stocks","Large cap","Materials","$17,419,429,124","1.44%","15.29","1.21","4.41","Analyze"
"LYV","Live Nation Entertainment Inc","Common stocks","Large cap","Communication Services","$17,149,757,412","0.00%","-38.10","2.20","-33.00","Analyze"
"INCY","Incyte Corp","Common stocks","Large cap","Health Care","$17,046,070,358","0.00%","18.27","5.47","4.41","Analyze"
"BBY","Best Buy Inc","Common stocks","Large cap","Consumer Discretionary","$17,019,889,009","4.35%","9.05","0.00","5.15","Analyze"
"CMS","CMS Energy Corp","Common stocks","Large cap","Utilities","$16,962,303,621","3.11%","17.27","2.21","1.76","Analyze"
"TTWO","Take Two Interactive Software Inc","Common stocks","Large cap","Communication Services","$16,954,766,300","0.00%","40.47","4.84","4.44","Analyze"
"ABMD","Abiomed Inc","Common stocks","Large cap","Health Care","$16,873,121,053","0.00%","74.84","16.35","11.22","Analyze"
"DGX","Quest Diagnostics Inc","Common stocks","Large cap","Health Care","$16,848,511,720","1.75%","9.07","1.58","2.67","Analyze"
"TRGP","Targa Resources Corp","Common stocks","Large cap","Energy","$16,794,789,962","1.87%","-128.10","0.92","9.62","Analyze"
"BR","Broadridge Financial Solutions Inc","Common stocks","Large cap","Information Technology","$16,777,649,060","1.84%","30.50","3.04","9.24","Analyze"
"STE","STERIS PLC","Common stocks","Large cap","Health Care","$16,743,303,907","1.05%","68.08","3.65","2.54","Analyze"
"CINF","Cincinnati Financial Corp","Common stocks","Large cap","Financials","$16,722,838,528","2.51%","8.15","1.94","1.38","Analyze"
"ALGN","Align Technology Inc","Common stocks","Large cap","Health Care","$16,631,681,775","0.00%","23.56","4.13","4.54","Analyze"
"FDS","Factset Research Systems Inc","Common stocks","Large cap","Financials","$16,493,480,537","0.79%","40.11","9.89","13.83","Analyze"
"CAG","Conagra Brands Inc","Common stocks","Large cap","Consumer Staples","$16,476,787,141","3.69%","16.17","1.45","1.91","Analyze"
"FOX","Fox Corporation Class B","Common stocks","Large cap","Communication Services","$16,265,042,272","1.68%","6.05","1.18","0.62","Analyze"
"FOXA","Fox Corporation Class A","Common stocks","Large cap","Communication Services","$16,265,042,272","1.59%","8.07","1.18","0.83","Analyze"
"FMC","FMC Corp","Common stocks","Large cap","Materials","$16,215,593,268","1.64%","20.97","3.12","5.22","Analyze"
"SYF","Synchrony Financial","Common stocks","Large cap","Financials","$16,183,448,094","2.48%","3.88","1.03","1.15","Analyze"
"SEDG","SolarEdge Technologies Inc","Common stocks","Large cap","Information Technology","$16,096,047,154","0.00%","94.04","7.27","8.06","Analyze"
"NTAP","NetApp Inc","Common stocks","Large cap","Information Technology","$16,076,367,542","2.67%","15.89","2.60","18.23","Analyze"
"EQT","EQT Corporation","Common stocks","Large cap","Energy","$16,061,933,179","1.25%","-5.79","2.89","1.86","Analyze"
"BRO","Brown & Brown Inc","Common stocks","Large cap","Financials","$15,803,808,079","0.76%","26.50","5.04","3.71","Analyze"
"APA","Apache Corp","Common stocks","Large cap","Energy","$15,766,938,721","1.27%","6.33","1.80","16.92","Analyze"
"ETSY","Etsy Inc","Common stocks","Large cap","Consumer Discretionary","$15,750,002,878","0.00%","36.14","6.68","23.27","Analyze"
"ATO","Atmos Energy Corp","Common stocks","Large cap","Utilities","$15,721,686,270","2.42%","21.82","4.14","1.76","Analyze"
"OMC","Omnicom Group Inc","Common stocks","Large cap","Communication Services","$15,701,541,856","3.58%","12.52","1.10","5.18","Analyze"
"COO","Cooper Companies, Inc.","Common stocks","Large cap","Health Care","$15,582,475,143","0.02%","16.31","5.14","2.21","Analyze"
"PTC","PTC Inc","Common stocks","Large cap","Information Technology","$15,506,736,692","0.00%","32.31","8.25","7.44","Analyze"
"SWKS","Skyworks Solutions Inc","Common stocks","Large cap","Information Technology","$15,489,417,548","2.36%","10.82","3.05","2.86","Analyze"
"RCL","Royal Caribbean Cruises Ltd","Common stocks","Large cap","Consumer Discretionary","$15,484,444,670","0.00%","-2.90","6.07","3.85","Analyze"
"IRM","Iron Mountain Incorporated","REITs","Large cap","Real Estate","$15,285,744,065","4.62%","33.64","3.28","19.84","Analyze"
"HWM","Howmet Aerospace Inc.","Common stocks","Large cap","Industrials","$15,121,174,952","0.27%","49.65","2.97","4.41","Analyze"
"EXPE","Expedia Inc","Common stocks","Large cap","Consumer Discretionary","$15,047,708,355","0.00%","69.99","1.57","7.24","Analyze"
"TER","Teradyne Inc","Common stocks","Large cap","Information Technology","$15,044,486,142","0.44%","14.58","4.09","5.76","Analyze"
"AVY","Avery Dennison Corp","Common stocks","Large cap","Materials","$15,001,938,914","1.54%","20.73","1.72","7.82","Analyze"
"SJM","J.M. Smucker","Common stocks","Large cap","Consumer Staples","$14,969,175,826","2.81%","26.54","1.90","1.85","Analyze"
"CPRT","Copart Inc","Common stocks","Large cap","Industrials","$14,774,573,745","0.00%","13.65","4.39","3.39","Analyze"
"TRMB","Trimble Inc","Common stocks","Large cap","Information Technology","$14,755,555,263","0.00%","29.63","3.92","3.63","Analyze"
"TXT","Textron Inc","Common stocks","Large cap","Industrials","$14,655,757,334","0.11%","19.49","1.17","2.13","Analyze"
"CPB","Campbell Soup","Common stocks","Large cap","Consumer Staples","$14,631,207,406","3.00%","16.50","1.76","4.53","Analyze"
"AKAM","Akamai Technologies Inc","Common stocks","Large cap","Information Technology","$14,538,622,318","0.00%","23.64","4.13","3.38","Analyze"
"LKQ","LKQ Corp","Common stocks","Large cap","Consumer Discretionary","$14,527,639,809","1.37%","13.30","1.10","2.52","Analyze"
"MTCH","Match Group Inc","Common stocks","Large cap","Communication Services","$14,501,573,024","0.00%","51.06","4.66","-118.43","Analyze"
"GEN","Gen Digital Inc.","Common stocks","Large cap","Information Technology","$14,486,243,753","2.23%","0.00","0.00","0.00","Analyze"
"FLT","Fleetcor Technologies Inc","Common stocks","Large cap","Information Technology","$14,425,962,007","0.00%","16.24","4.79","4.88","Analyze"
"NVR","NVR, Inc.","Common stocks","Large cap","Consumer Discretionary","$14,416,614,298","0.00%","10.10","1.55","5.24","Analyze"
"MGM","MGM Resorts International","Common stocks","Large cap","Consumer Discretionary","$14,396,920,897","0.03%","9.28","1.32","2.81","Analyze"
"UAL","United Continental Holdings Inc","Common stocks","Large cap","Industrials","$14,389,836,500","0.00%","-7.13","0.50","3.90","Analyze"
"LDOS","Leidos Holdings Inc","Common stocks","Large cap","Industrials","$14,310,029,722","1.37%","38.74","0.00","3.66","Analyze"
"SIVB","SVB Financial Group","Common stocks","Large cap","Financials","$14,180,852,471","0.00%","8.12","2.53","0.87","Analyze"
"TYL","Tyler Technologies Inc","Common stocks","Large cap","Information Technology","$14,040,973,606","0.00%","84.98","8.01","5.85","Analyze"
"TECH","Bio-Techne Corp","Common stocks","Large cap","Health Care","$13,824,699,459","0.36%","60.63","12.84","7.98","Analyze"
"ESS","Essex Property Trust, Inc","REITs","Large cap","Real Estate","$13,739,463,830","4.05%","34.57","9.36","2.28","Analyze"
"VTRS","Viatris Inc.","Common stocks","Large cap","Health Care","$13,727,589,649","4.09%","80.12","0.78","0.66","Analyze"
"EVRG","Evergy Inc","Common stocks","Large cap","Utilities","$13,705,617,548","3.79%","16.83","2.64","1.48","Analyze"
"KIM","Kimco Realty Corporation","REITs","Large cap","Real Estate","$13,661,799,713","3.49%","14.66","9.05","1.34","Analyze"
"PEAK","Healthpeak Properties, Inc.","REITs","Large cap","Real Estate","$13,546,011,629","4.68%","30.82","6.99","2.06","Analyze"
"POOL","Pool Corp","Common stocks","Large cap","Consumer Discretionary","$13,521,276,483","1.09%","18.49","2.39","11.51","Analyze"
"ZBRA","Zebra Technologies Corp","Common stocks","Large cap","Information Technology","$13,505,838,859","0.00%","16.39","2.36","4.59","Analyze"
"LNT","Alliant Energy Corp","Common stocks","Large cap","Utilities","$13,462,300,743","3.15%","19.80","3.51","2.22","Analyze"
"BEN","Franklin Resources Inc","Common stocks","Large cap","Financials","$13,448,116,947","4.23%","7.00","1.55","1.14","Analyze"
"NDSN","Nordson Corp","Common stocks","Large cap","Industrials","$13,444,513,560","0.92%","27.04","5.50","6.06","Analyze"
"HST","Host Hotels & Resorts, Inc","REITs","Large cap","Real Estate","$13,270,915,244","1.13%","41.86","0.00","2.04","Analyze"
"JKHY","Jack Henry & Associates, Inc.","Common stocks","Large cap","Information Technology","$13,218,437,260","1.06%","36.78","6.92","9.95","Analyze"
"L","Loews Corp","Common stocks","Large cap","Financials","$13,196,195,550","0.45%","7.98","0.97","0.80","Analyze"
"CBOE","Cboe Global Markets, Inc.","Common stocks","Large cap","Financials","$13,008,857,120","1.57%","26.00","3.76","3.65","Analyze"
"VFC","VF Corp","Common stocks","Large cap","Consumer Discretionary","$12,997,535,543","5.88%","8.96","1.12","3.42","Analyze"
"IP","International Paper","Common stocks","Large cap","Materials","$12,985,512,029","4.98%","7.22","0.68","1.43","Analyze"
"DPZ","Dominos Pizza Inc","Common stocks","Large cap","Consumer Discretionary","$12,982,368,254","1.15%","26.68","2.96","-3.07","Analyze"
"UDR","UDR, Inc","REITs","Large cap","Real Estate","$12,946,796,591","3.73%","82.56","9.61","3.80","Analyze"
"IPG","Interpublic Group Of Companies Inc","Common stocks","Large cap","Communication Services","$12,790,233,717","3.41%","12.39","1.21","3.63","Analyze"
"PARA","Paramount Global - Class B","Common stocks","Large cap","Communication Services","$12,743,285,682","4.90%","2.91","0.45","0.52","Analyze"
"CRL","Charles River Laboratories International","Common stocks","Large cap","Health Care","$12,723,225,506","0.00%","28.83","3.51","4.67","Analyze"
"SWK","Stanley Black & Decker Inc","Common stocks","Large cap","Industrials","$12,625,352,017","3.67%","8.93","0.80","1.29","Analyze"
"BIO","Bio Rad Laboratories Inc Class A","Common stocks","Large cap","Health Care","$12,592,682,461","0.00%","-99.87","4.35","0.99","Analyze"
"SNA","Snap On Inc","Common stocks","Large cap","Industrials","$12,560,972,742","2.38%","14.71","2.69","2.89","Analyze"
"WDC","Western Digital Corp","Common stocks","Large cap","Information Technology","$12,534,480,641","0.00%","6.35","0.65","0.97","Analyze"
"CCL","Carnival Corp","Common stocks","Large cap","Consumer Discretionary","$12,417,807,944","0.00%","-1.14","3.54","1.04","Analyze"
"RE","Everest Re Group Ltd","Common stocks","Large cap","Financials","$12,384,375,401","2.01%","9.31","1.08","1.30","Analyze"
"CPT","Camden Property Trust","REITs","Large cap","Real Estate","$12,211,308,652","3.15%","34.47","10.28","2.89","Analyze"
"PKG","Packaging Corp Of America","Common stocks","Large cap","Materials","$12,046,138,606","3.41%","13.04","1.49","3.18","Analyze"
"LW","Lamb Weston Holdings Inc","Common stocks","Large cap","Consumer Staples","$11,692,038,573","1.20%","50.75","2.96","30.32","Analyze"
"BXP","Boston Properties, Inc","REITs","Large cap","Real Estate","$11,660,983,026","5.18%","20.37","3.98","1.91","Analyze"
"CZR","Caesars Entertainment Corp","Common stocks","Large cap","Consumer Discretionary","$11,650,939,502","0.00%","-19.55","1.16","3.08","Analyze"
"STX","Seagate Technology Plc","Common stocks","Large cap","Information Technology","$11,634,194,800","4.95%","8.42","1.00","26.73","Analyze"
"CHRW","C.H. Robinson Worldwide, Inc.","Common stocks","Large cap","Industrials","$11,497,860,834","2.24%","12.22","0.46","5.49","Analyze"
"MAS","Masco Corp","Common stocks","Large cap","Industrials","$11,488,453,526","2.18%","20.68","1.33","-30.60","Analyze"
"KMX","Carmax Inc","Common stocks","Large cap","Consumer Discretionary","$11,481,405,576","0.00%","9.38","0.36","2.06","Analyze"
"REG","Regency Centers Corporation","REITs","Large cap","Real Estate","$11,205,115,706","3.76%","14.18","9.38","1.83","Analyze"
"CE","Celanese Corporation","Common stocks","Large cap","Materials","$11,146,405,699","2.64%","5.27","1.20","2.37","Analyze"
"AAP","Advance Auto Parts Inc","Common stocks","Large cap","Consumer Discretionary","$11,058,148,882","2.96%","15.25","1.01","3.00","Analyze"
"CDAY","Ceridian HCM Holding Inc.","Common stocks","Large cap","Information Technology","$11,021,160,023","0.00%","-126.72","10.18","4.95","Analyze"
"GL","Globe Life Inc.","Common stocks","Large cap","Financials","$10,956,518,595","0.73%","15.00","2.12","1.59","Analyze"
"HSIC","Henry Schein Inc","Common stocks","Large cap","Health Care","$10,755,700,076","0.00%","16.64","0.85","2.99","Analyze"
"NWS","News Corp Class B","Common stocks","Large cap","Communication Services","$10,497,896,356","1.08%","7.13","1.03","0.42","Analyze"
"NWSA","News Corp Class A","Common stocks","Large cap","Communication Services","$10,497,896,356","1.10%","13.91","1.03","0.82","Analyze"
"NI","Nisource Inc","Common stocks","Large cap","Utilities","$10,429,529,903","3.61%","15.97","2.00","1.47","Analyze"
"EMN","Eastman Chemical","Common stocks","Large cap","Materials","$10,423,562,921","3.46%","12.43","0.97","1.73","Analyze"
"TFX","Teleflex Inc","Common stocks","Large cap","Health Care","$10,085,821,654","0.63%","20.90","3.58","2.69","Analyze"
"BWA","BorgWarner Inc","Common stocks","Large cap","Consumer Discretionary","$10,019,446,665","1.58%","14.44","0.68","1.38","Analyze"
"NRG","NRG Energy Inc","Common stocks","Large cap","Utilities","$10,012,497,549","3.18%","2.47","0.37","1.97","Analyze"
"QRVO","Qorvo, Inc.","Common stocks","Large cap","Information Technology","$10,012,210,459","0.00%","9.69","2.16","2.20","Analyze"
"MKTX","Marketaxess Holdings Inc","Common stocks","Mid cap","Financials","$9,962,467,048","1.05%","41.13","14.45","9.73","Analyze"
"PHM","Pultegroup Inc","Common stocks","Mid cap","Consumer Discretionary","$9,937,496,361","1.37%","4.77","0.69","1.34","Analyze"
"ALLE","Allegion PLC","Common stocks","Mid cap","Industrials","$9,894,840,750","1.40%","20.84","3.42","13.15","Analyze"
"JNPR","Juniper Networks Inc","Common stocks","Mid cap","Information Technology","$9,885,961,231","2.71%","28.61","2.05","2.28","Analyze"
"CMA","Comerica Inc","Common stocks","Mid cap","Financials","$9,587,026,595","3.67%","9.57","3.47","1.33","Analyze"
"AAL","American Airlines Group Inc","Common stocks","Mid cap","Industrials","$9,495,051,959","0.00%","-3.99","0.27","-1.06","Analyze"
"WRK","Westrock","Common stocks","Mid cap","Materials","$9,332,679,068","2.77%","11.60","0.46","0.80","Analyze"
"UHS","Universal Health Services Inc.","Common stocks","Mid cap","Health Care","$9,313,193,263","0.63%","9.86","0.72","1.57","Analyze"
"AOS","A O Smith Corp","Common stocks","Mid cap","Industrials","$9,226,114,076","1.87%","17.94","2.46","5.05","Analyze"
"FFIV","F5 Networks Inc","Common stocks","Mid cap","Information Technology","$9,037,371,544","0.00%","25.81","3.40","3.77","Analyze"
"SBNY","Signature Bank","Common stocks","Mid cap","Financials","$8,969,984,921","1.51%","8.13","4.13","1.02","Analyze"
"HII","Huntington Ingalls Industries Inc","Common stocks","Mid cap","Industrials","$8,906,868,271","2.10%","16.67","0.91","3.17","Analyze"
"WYNN","Wynn Resorts Ltd","Common stocks","Mid cap","Consumer Discretionary","$8,883,785,534","0.00%","-13.27","2.23","-25.91","Analyze"
"CTLT","Catalent Inc","Common stocks","Mid cap","Health Care","$8,802,019,138","0.00%","16.58","1.87","1.74","Analyze"
"IVZ","Invesco Ltd","Common stocks","Mid cap","Financials","$8,790,986,473","3.69%","6.46","1.28","0.56","Analyze"
"FRT","Federal Realty Investment Trust","REITs","Mid cap","Real Estate","$8,749,509,267","2.97%","33.12","8.84","3.27","Analyze"
"FBHS","Fortune Brands Home And Security","Common stocks","Mid cap","Industrials","$8,633,287,052","1.62%","9.58","1.11","2.89","Analyze"
"DISH","Dish Network Corp Class A","Common stocks","Mid cap","Communication Services","$8,512,527,400","0.00%","3.85","0.48","0.53","Analyze"
"RHI","Robert Half","Common stocks","Mid cap","Industrials","$8,462,885,808","2.13%","12.71","1.23","5.74","Analyze"
"TPR","Tapestry","Common stocks","Mid cap","Consumer Discretionary","$8,428,826,309","2.97%","9.54","1.26","3.27","Analyze"
"WHR","Whirlpool Corp","Common stocks","Mid cap","Consumer Discretionary","$8,417,450,477","4.24%","4.89","0.39","1.78","Analyze"
"PNW","Pinnacle West Corp","Common stocks","Mid cap","Utilities","$8,358,798,198","4.54%","13.82","2.15","1.40","Analyze"
"HAS","Hasbro Inc","Common stocks","Mid cap","Consumer Discretionary","$8,108,656,619","4.67%","21.70","1.25","2.66","Analyze"
"ZION","Zions Bancorporation","Common stocks","Mid cap","Financials","$7,947,695,092","2.94%","7.91","2.88","1.23","Analyze"
"BBWI","Bath & Body Works, Inc.","Common stocks","Mid cap","Consumer Discretionary","$7,746,456,799","2.20%","5.90","0.82","-4.71","Analyze"
"NCLH","Norwegian Cruise Line Holdings Ltd","Common stocks","Mid cap","Consumer Discretionary","$7,711,548,630","0.00%","-1.80","6.61","4.92","Analyze"
"PNR","Pentair","Common stocks","Mid cap","Industrials","$7,683,718,115","1.79%","13.82","1.97","2.99","Analyze"
"SEE","Sealed Air Corp","Common stocks","Mid cap","Materials","$7,240,108,976","1.59%","13.36","1.27","38.29","Analyze"
"RL","Ralph Lauren Corp Class A","Common stocks","Mid cap","Consumer Discretionary","$7,040,308,600","2.74%","13.53","1.18","2.49","Analyze"
"GNRC","Generac Holdings Inc","Common stocks","Mid cap","Industrials","$6,823,484,495","0.00%","12.76","1.68","2.85","Analyze"
"MHK","Mohawk Industries Inc","Common stocks","Mid cap","Consumer Discretionary","$6,751,761,581","0.00%","6.25","0.58","0.79","Analyze"
"XRAY","Dentsply Sirona Inc","Common stocks","Mid cap","Health Care","$6,735,338,507","1.54%","17.82","1.61","1.34","Analyze"
"AIZ","Assurant Inc","Common stocks","Mid cap","Financials","$6,583,852,682","2.17%","4.90","0.64","1.32","Analyze"
"DXC","DXC Technology Company","Common stocks","Mid cap","Information Technology","$6,582,166,030","0.00%","-10.73","0.40","1.37","Analyze"
"OGN","Organon & Co.","Common stocks","Mid cap","Health Care","$6,328,586,496","5.46%","4.77","0.99","-4.96","Analyze"
"DVA","Davita Inc","Common stocks","Mid cap","Health Care","$6,324,119,000","0.00%","6.92","0.54","7.40","Analyze"
"LUMN","CenturyLink, Inc.","Common stocks","Mid cap","Communication Services","$6,290,263,685","15.90%","2.79","0.33","0.49","Analyze"
"ALK","Alaska Air Group Inc","Common stocks","Mid cap","Industrials","$5,942,352,382","0.00%","12.43","0.84","1.59","Analyze"
"LNC","Lincoln National Corp","Common stocks","Mid cap","Financials","$5,780,400,250","5.20%","4.66","0.30","0.41","Analyze"
"NWL","Newell Brands Inc","Common stocks","Mid cap","Consumer Discretionary","$5,777,992,000","6.48%","8.06","0.54","1.45","Analyze"
"VNO","Vornado Realty Trust","REITs","Mid cap","Real Estate","$4,816,516,935","8.19%","31.30","2.92","0.76","Analyze"
"TAP","Molson Coors Brewing Class B","Common stocks","Small cap","Consumer Staples","$793,276,751","2.81%","0.54","0.06","0.04","Analyze"